Carrier	Gene	Pathogenic Variant Type	 Clinvar Significance	Clinvar Submissions	HGVS Codon Change	HGVS Protein Change
BC_P_028	SDHB	missense_variant	Conflicting_interpretations_of_pathogenicity	Likely_pathogenic(1),Uncertain_significance(1)	ENST00000375499.8:c.143A>T	ENSP00000364649.3:p.Asp48Val
BC_P_161	SDHB	missense_variant	Conflicting_interpretations_of_pathogenicity	Likely_pathogenic(1),Uncertain_significance(1)	ENST00000375499.8:c.143A>T	ENSP00000364649.3:p.Asp48Val
BC_P_206	SDHB	missense_variant	Conflicting_interpretations_of_pathogenicity	Likely_pathogenic(1),Uncertain_significance(1)	ENST00000375499.8:c.143A>T	ENSP00000364649.3:p.Asp48Val
BC_P_059	MPL	missense_variant	Pathogenic/Likely_pathogenic	-	ENST00000372470.9:c.317C>T	ENSP00000361548.3:p.Pro106Leu
BC_P_098	MPL	missense_variant	Pathogenic/Likely_pathogenic	-	ENST00000372470.9:c.317C>T	ENSP00000361548.3:p.Pro106Leu
BC_P_137	MPL	missense_variant	Pathogenic/Likely_pathogenic	-	ENST00000372470.9:c.317C>T	ENSP00000361548.3:p.Pro106Leu
BC_P_075	FANCD2	inframe_deletion	Pathogenic	-	ENST00000675286.1:c.813_815del	ENSP00000502379.1:p.Ser272del
BC_P_146	XPC	splice_acceptor_variant	Pathogenic	-	ENST00000285021.12:c.2251-1G>C	-
BC_P_171	XPC	splice_acceptor_variant	Pathogenic	-	ENST00000285021.12:c.2251-1G>C	-
BC_P_129	POLH	stop_gained	-	-	ENST00000372236.9:c.535C>T	ENSP00000361310.4:p.Gln179Ter
BC_P_036	FANCC	stop_gained	Conflicting_interpretations_of_pathogenicity	Likely_pathogenic(2),Uncertain_significance(1)	ENST00000289081.8:c.1663C>T	ENSP00000289081.3:p.Arg555Ter
BC_P_094	XPA	stop_gained	-	-	ENST00000375128.5:c.589C>T	ENSP00000364270.5:p.Gln197Ter
BC_P_046	PTEN	stop_gained	Pathogenic	-	ENST00000371953.8:c.49C>T	ENSP00000361021.3:p.Gln17Ter
BC_P_132	PTEN	stop_gained	Pathogenic	-	ENST00000371953.8:c.1003C>T	ENSP00000361021.3:p.Arg335Ter
BC_P_145	ATM	frameshift_variant	-	-	ENST00000675843.1:c.1904_1905del	ENSP00000501606.1:p.His635ProfsTer5
BC_P_007	ATM	frameshift_variant	Pathogenic/Likely_pathogenic	-	ENST00000675843.1:c.3279_3282del	ENSP00000501606.1:p.Asn1094AspfsTer14
BC_P_081	ATM	frameshift_variant	-	-	ENST00000675843.1:c.9066del	ENSP00000501606.1:p.Gly3023AlafsTer10
BC_P_044	BRCA2	stop_gained	Pathogenic	-	ENST00000380152.8:c.414T>A	ENSP00000369497.3:p.Cys138Ter
BC_P_001	BRCA2	frameshift_variant	Pathogenic	-	ENST00000380152.8:c.2808_2811del	ENSP00000369497.3:p.Ala938ProfsTer21
BC_P_009	BRCA2	frameshift_variant	Pathogenic	-	ENST00000380152.8:c.2808_2811del	ENSP00000369497.3:p.Ala938ProfsTer21
BC_P_010	BRCA2	frameshift_variant	Pathogenic	-	ENST00000380152.8:c.2808_2811del	ENSP00000369497.3:p.Ala938ProfsTer21
BC_P_028	BRCA2	frameshift_variant	Pathogenic	-	ENST00000380152.8:c.2808_2811del	ENSP00000369497.3:p.Ala938ProfsTer21
BC_P_059	BRCA2	frameshift_variant	Pathogenic	-	ENST00000380152.8:c.2808_2811del	ENSP00000369497.3:p.Ala938ProfsTer21
BC_P_073	BRCA2	frameshift_variant	Pathogenic	-	ENST00000380152.8:c.2808_2811del	ENSP00000369497.3:p.Ala938ProfsTer21
BC_P_130	BRCA2	frameshift_variant	Pathogenic	-	ENST00000380152.8:c.2808_2811del	ENSP00000369497.3:p.Ala938ProfsTer21
BC_P_136	BRCA2	frameshift_variant	Pathogenic	-	ENST00000380152.8:c.2808_2811del	ENSP00000369497.3:p.Ala938ProfsTer21
BC_P_178	BRCA2	frameshift_variant	Pathogenic	-	ENST00000380152.8:c.2808_2811del	ENSP00000369497.3:p.Ala938ProfsTer21
BC_P_183	BRCA2	frameshift_variant	Pathogenic	-	ENST00000380152.8:c.2808_2811del	ENSP00000369497.3:p.Ala938ProfsTer21
BC_P_185	BRCA2	frameshift_variant	Pathogenic	-	ENST00000380152.8:c.2808_2811del	ENSP00000369497.3:p.Ala938ProfsTer21
BC_P_003	BRCA2	frameshift_variant	-	-	ENST00000380152.8:c.6262_6278del	ENSP00000369497.3:p.Thr2088LeufsTer6
BC_P_166	FAH	stop_gained,splice_region_variant	Pathogenic	-	ENST00000561421.6:c.709C>T	ENSP00000453347.2:p.Arg237Ter
BC_P_014	FANCI	splice_acceptor_variant	-	-	ENST00000310775.12:c.2292-1G>C	-
BC_P_073	NF1	start_lost	Pathogenic	-	ENST00000358273.9:c.1A>G	ENSP00000351015.4:p.Met1?
BC_P_088	BRCA1	frameshift_variant	Pathogenic	-	ENST00000357654.9:c.4658del	ENSP00000350283.3:p.Leu1553CysfsTer6
BC_P_123	BRCA1	stop_gained	Pathogenic	-	ENST00000357654.9:c.4524G>A	ENSP00000350283.3:p.Trp1508Ter
BC_P_082	BRCA1	frameshift_variant	Pathogenic	-	ENST00000357654.9:c.3083del	ENSP00000350283.3:p.Arg1028LeufsTer20
BC_P_170	BRCA1	stop_gained	Pathogenic	-	ENST00000357654.9:c.1066C>T	ENSP00000350283.3:p.Gln356Ter
BC_P_094	BRCA1	frameshift_variant	Pathogenic	-	ENST00000357654.9:c.411dup	ENSP00000350283.3:p.Leu138SerfsTer4
